<items>
		<item>
        <title>[COLORdarkorange]Ghostbusters (1984)[/COLOR]</title>
        <link>https://streamango.com/f/ktsmbcpfcbcpsqcc/Ghostbusters_1984_DvDrip_Eng_HarrHarrr_avi</link>
        <thumbnail>https://image.tmdb.org/t/p/w640/3FS3oBdorgczgfCkFi2u8ZTFfpS.jpg</thumbnail>
        </item>

        <item>
        <title>[COLORdarkorange]Ghostbusters II (1989)[/COLOR]</title>
        <link>https://streamango.com/f/ldfktedfkkkppqne/Ghostbusters_II_1989_720p_BluRay_x264_YIFY_mp4</link>
        <thumbnail>https://image.tmdb.org/t/p/w640/4nN0EYNbOWHJ9UO39maO5Kvcdfa.jpg</thumbnail>
        </item>

		<item>
        <title>[COLORdarkorange]Ghostbusters (2016)[/COLOR]</title>
        <link>https://streamango.com/f/qlrdespkpdqakqlp/Ghostbusters_2016_HDRip_XViD-ETRG_avi</link>
        <thumbnail>https://image.tmdb.org/t/p/w640/6SkiCknOeWmBLhCerdrgG7elCK7.jpg</thumbnail>
        </item>

</items>