<items>
        <item>
        <title>[B][COLORwhite]##### ICE SPEEDWAY #####[/COLOR][/B]</title>
        <link>none</link>
        <thumbnail>https://i.imgur.com/Y4Pb93Y.jpg</thumbnail>
        </item>

        <item>
        <title>[B][COLORgreen]Ice Speedway Video 1[/COLOR][/B]</title>
        <link>https://www.youtube.com/watch?v=DeMDcP8LN6k</link>
        <thumbnail>none</thumbnail>
        </item>

        <item>
        <title>[B][COLORgreen]Ice Speedway Video 2[/COLOR][/B]</title>
        <link>https://www.youtube.com/watch?v=ebrDnM7Ekdg</link>
        <thumbnail>none</thumbnail>
        </item>

        <item>
        <title>[B][COLORgreen]Ice Speedway Video 3[/COLOR][/B]</title>
        <link>https://www.youtube.com/watch?v=0tiW2sq_Zfs</link>
        <thumbnail>none</thumbnail>
        </item>

        <item>
        <title>[B][COLORgreen]Ice Speedway Video 4[/COLOR][/B]</title>
        <link>https://www.youtube.com/watch?v=Bt9JaIH53Cg</link>
        <thumbnail>none</thumbnail>
        </item>

        <item>
        <title>[B][COLORgreen]Ice Speedway Video 5[/COLOR][/B]</title>
        <link>https://www.youtube.com/watch?v=o_3Rh3WzM2I</link>
        <thumbnail>none</thumbnail>
        </item>

        <item>
        <title>[B][COLORgreen]Ice Speedway Video 6[/COLOR][/B]</title>
        <link>https://www.youtube.com/watch?v=_oKVANz1dsw</link>
        <thumbnail>none</thumbnail>
        </item>

        <item>
        <title>[B][COLORgreen]Ice Speedway Video 7[/COLOR][/B]</title>
        <link>https://www.youtube.com/watch?v=OVWxrmHJXY8</link>
        <thumbnail>none</thumbnail>
        </item>

        <item>
        <title>[B][COLORgreen]Ice Speedway Video 8[/COLOR][/B]</title>
        <link>https://www.youtube.com/watch?v=025oqjMOROY</link>
        <thumbnail>none</thumbnail>
        </item>

        <item>
        <title>[B][COLORgreen]Ice Speedway Video 9[/COLOR][/B]</title>
        <link>https://www.youtube.com/watch?v=DyuROLTEWfg</link>
        <thumbnail>none</thumbnail>
        </item>

        <item>
        <title>[B][COLORgreen]Ice Speedway Video 10[/COLOR][/B]</title>
        <link>https://www.youtube.com/watch?v=OLZu7JCOQGA</link>
        <thumbnail>none</thumbnail>
        </item>

        <item>
        <title>[B][COLORgreen]Ice Speedway Video 11[/COLOR][/B]</title>
        <link>https://www.youtube.com/watch?v=QTAdG6B6g3o</link>
        <thumbnail>none</thumbnail>
        </item>

        <item>
        <title>[B][COLORgreen]Ice Speedway Video 12[/COLOR][/B]</title>
        <link>https://www.youtube.com/watch?v=ijg0O4DUdjM</link>
        <thumbnail>none</thumbnail>
        </item>

        <item>
        <title>[B][COLORgreen]Ice Speedway Video 13[/COLOR][/B]</title>
        <link>https://www.youtube.com/watch?v=157_ubS1W4Y</link>
        <thumbnail>none</thumbnail>
        </item>

        <item>
        <title>[B][COLORgreen]Ice Speedway Video 14[/COLOR][/B]</title>
        <link>https://www.youtube.com/watch?v=fPAoXmqnHeA</link>
        <thumbnail>none</thumbnail>
        </item>

        <item>
        <title>[B][COLORgreen]Ice Speedway Video 15[/COLOR][/B]</title>
        <link>https://www.youtube.com/watch?v=7-_DwT5W3T0</link>
        <thumbnail>none</thumbnail>
        </item>

        <item>
        <title>[B][COLORgreen]Ice Speedway Video 16[/COLOR][/B]</title>
        <link>https://www.youtube.com/watch?v=2OB64SyVK4M</link>
        <thumbnail>none</thumbnail>
        </item>

        <item>
        <title>[B][COLORgreen]Ice Speedway Video 17[/COLOR][/B]</title>
        <link>https://www.youtube.com/watch?v=7jzTbsSlnMQ</link>
        <thumbnail>none</thumbnail>
        </item>

        <item>
        <title>[B][COLORgreen]Ice Speedway Video 18[/COLOR][/B]</title>
        <link>https://www.youtube.com/watch?v=PkWjbwiKbtM</link>
        <thumbnail>none</thumbnail>
        </item>

        <item>
        <title>[B][COLORgreen]Ice Speedway Video 19[/COLOR][/B]</title>
        <link>https://www.youtube.com/watch?v=YjCgQqmcWw8</link>
        <thumbnail>none</thumbnail>
        </item>

        <item>
        <title>[B][COLORgreen]Ice Speedway Video 20[/COLOR][/B]</title>
        <link>https://www.youtube.com/watch?v=BtbGdSfwi5o</link>
        <thumbnail>none</thumbnail>
        </item>

        <item>
        <title>[B][COLORgreen]Ice Speedway Video 21[/COLOR][/B]</title>
        <link>https://www.youtube.com/watch?v=QHcReMM_8BE</link>
        <thumbnail>none</thumbnail>
        </item>

        <item>
        <title>[B][COLORgreen]Ice Speedway Video 22[/COLOR][/B]</title>
        <link>https://www.youtube.com/watch?v=nHbgOre0QcA</link>
        <thumbnail>none</thumbnail>
        </item>

        <item>
        <title>[B][COLORgreen]Ice Speedway Video 23[/COLOR][/B]</title>
        <link>https://www.youtube.com/watch?v=jtH2kqKeRTg</link>
        <thumbnail>none</thumbnail>
        </item>

        <item>
        <title>[B][COLORgreen]Ice Speedway Video 24[/COLOR][/B]</title>
        <link>https://www.youtube.com/watch?v=NHnS7dH5M_g</link>
        <thumbnail>none</thumbnail>
        </item>

        <item>
        <title>[B][COLORgreen]Ice Speedway Video 25[/COLOR][/B]</title>
        <link>https://www.youtube.com/watch?v=0xv3D3ExAIQ</link>
        <thumbnail>none</thumbnail>
        </item>

        <item>
        <title>[B][COLORgreen]Ice Speedway Video 26[/COLOR][/B]</title>
        <link>https://www.youtube.com/watch?v=ovfCwMbdDNI</link>
        <thumbnail>none</thumbnail>
        </item>

        <item>
        <title>[B][COLORgreen]Ice Speedway Video 27[/COLOR][/B]</title>
        <link>https://www.youtube.com/watch?v=6c6BiWY1gaw</link>
        <thumbnail>none</thumbnail>
        </item>

        <item>
        <title>[B][COLORgreen]Ice Speedway Video 28[/COLOR][/B]</title>
        <link>https://www.youtube.com/watch?v=uStnE6cOdNc</link>
        <thumbnail>none</thumbnail>
        </item>

        <item>
        <title>[B][COLORgreen]Ice Speedway Video 29[/COLOR][/B]</title>
        <link>https://www.youtube.com/watch?v=FnfpEe0EOUQ</link>
        <thumbnail>none</thumbnail>
        </item>

        <item>
        <title>[B][COLORgreen]Ice Speedway Video 30[/COLOR][/B]</title>
        <link>https://www.youtube.com/watch?v=2OB64SyVK4M</link>
        <thumbnail>none</thumbnail>
        </item>

        <item>
        <title>[B][COLORgreen]Ice Speedway Video 31[/COLOR][/B]</title>
        <link>https://www.youtube.com/watch?v=WNlRQsjQc9s</link>
        <thumbnail>none</thumbnail>
        </item>

        <item>
        <title>[B][COLORgreen]Ice Speedway Video 32[/COLOR][/B]</title>
        <link>https://www.youtube.com/watch?v=CNBUhucyKjA</link>
        <thumbnail>none</thumbnail>
        </item>

        <item>
        <title>[B][COLORgreen]Ice Speedway Video 33[/COLOR][/B]</title>
        <link>https://www.youtube.com/watch?v=-GRmZopomu8</link>
        <thumbnail>none</thumbnail>
        </item>

        <item>
        <title>[B][COLORgreen]Ice Speedway Video 34[/COLOR][/B]</title>
        <link>https://www.youtube.com/watch?v=ciTO3G31aJc</link>
        <thumbnail>none</thumbnail>
        </item>

        <item>
        <title>[B][COLORgreen]Ice Speedway Video 35[/COLOR][/B]</title>
        <link>https://www.youtube.com/watch?v=51fCfDFfsoA</link>
        <thumbnail>none</thumbnail>
        </item>

        <item>
        <title>[B][COLORgreen]Ice Speedway Video 36[/COLOR][/B]</title>
        <link>https://www.youtube.com/watch?v=G-8yqY1TlYE</link>
        <thumbnail>none</thumbnail>
        </item>

        <item>
        <title>[B][COLORgreen]Ice Speedway Video 37[/COLOR][/B]</title>
        <link>https://www.youtube.com/watch?v=hwYKG53144o</link>
        <thumbnail>none</thumbnail>
        </item>

        <item>
        <title>[B][COLORgreen]Ice Speedway Video 38[/COLOR][/B]</title>
        <link>https://www.youtube.com/watch?v=BZJ0Ffl9uyc</link>
        <thumbnail>none</thumbnail>
        </item>

</items>