<items>
	<item>
        <title>[COLORdarkorange]Friday the 13th (1980)[/COLOR]</title>
        <link>https://streamango.com/f/cnemofcsklpkqkdc/Friday_the_13th_1980_720p_BluRay_x264_YIFY_mp4</link>
        <thumbnail>https://image.tmdb.org/t/p/w640/mGJlh8oMyTDhfudvs20kFpYz0Yc.jpg</thumbnail>
        </item>

        <item>
        <title>[COLORdarkorange]Friday the 13th Part 2 (1981)[/COLOR]</title>
        <link>https://streamango.com/f/eodcdsbslmmeorcp/Friday_the_13th_Part_2_1981_720p_BluRay_x264_YIFY_mp4</link>
        <thumbnail>https://image.tmdb.org/t/p/w1280/AoKGfhWyDgZI8XyzRPGRYoCX68d.jpg</thumbnail>
        </item>

        <item>
        <title>[COLORdarkorange]Friday the 13th Part III (1982)[/COLOR]</title>
        <link>https://streamango.com/f/potpemfanmamrakr/Friday_the_13th_Part_III_1982_720p_BluRay_x264_YIFY_mp4</link>
        <thumbnail>https://image.tmdb.org/t/p/w1280/aOIe0FlRevhnjhp3DxTLop8v835.jpg</thumbnail>
        </item>

        <item>
        <title>[COLORdarkorange]Friday the 13th: The Final Chapter (1984)[/COLOR]</title>
        <link>https://streamango.com/f/abscbqfoabcoecob/Friday_the_13th_The_Final_Chapter_1984_720p_BluRay_x264_YIFY_mp4</link>
        <thumbnail>https://image.tmdb.org/t/p/w1280/AaN8bK7bfDOZuxrrqGPDQDytIJ8.jpg</thumbnail>
        </item>

        <item>
        <title>[COLORdarkorange]Friday the 13th: A New Beginning (1985)[/COLOR]</title>
        <link>https://streamango.com/f/tekooqonqmbqaqke/Friday_the_13th_A_New_Beginning_1985_720p_BluRay_x264_YIFY_mp4</link>
        <thumbnail>https://image.tmdb.org/t/p/w1280/aoc6F4Oif0JskHKO1tzZOaopYbF.jpg</thumbnail>
        </item>

        <item>
        <title>[COLORdarkorange]Friday the 13th Part VI: Jason Lives (1986)[/COLOR]</title>
        <link>https://streamango.com/f/rtptfloaalaclbpb/Jason_Lives_Friday_the_13th_Part_VI_1986_720p_BluRay_x264_YIFY_mp4</link>
        <thumbnail>https://image.tmdb.org/t/p/w1280/8O0cJr66yI6pzgVfi8D9s9NH2pn.jpg</thumbnail>
        </item>

        <item>
        <title>[COLORdarkorange]Friday the 13th Part VII: The New Blood (1988)[/COLOR]</title>
        <link>https://streamango.com/f/cmcaooqdmtkndsae/Friday_the_13th_Part_VII_The_New_Blood_1988_720p_BluRay_x264_YIFY_mp4</link>
        <thumbnail>https://image.tmdb.org/t/p/w1280/mt5ijxnTC5a0sS1oPD58Gt9UT5N.jpg</thumbnail>
        </item>

        <item>
        <title>[COLORdarkorange]Friday the 13th Part VIII: Jason Takes Manhattan (1989)[/COLOR]</title>
        <link>https://streamango.com/f/feklnscakanpafrr/Friday_the_13th_Part_VIII_Jason_Takes_Manhattan_1989_720p_BluRay_x264_YIFY_mp4</link>
        <thumbnail>https://image.tmdb.org/t/p/w1280/oAZTwZDHu56IUyq5OQM3q1xX9To.jpg</thumbnail>
        </item>

        <item>
        <title>[COLORdarkorange]Jason Goes to Hell: The Final Friday (1993)[/COLOR]</title>
        <link>https://streamango.com/f/kmqkrkdctsproman/Jason_Goes_to_Hell_The_Final_Friday_1993_720p_BluRay_x264_YIFY_mp4</link>
        <thumbnail>https://image.tmdb.org/t/p/w1280/oZP6uVsuOnIwkDSy8AuN1ybsHuf.jpg</thumbnail>
        </item>

        <item>
        <title>[COLORdarkorange]Jason X (2001)[/COLOR]</title>
        <link>https://streamango.com/f/rmbrklsesarcmenc/Jason_X_2001_720p_BluRay_x264_YIFY_mp4</link>
        <thumbnail>https://image.tmdb.org/t/p/w1280/12eBMMWUX6hjaiTtWHD8GdNUCK2.jpg</thumbnail>
        </item>

        <item>
        <title>[COLORdarkorange]Freddy vs Jason (2003)[/COLOR]</title>
        <link>https://streamango.com/f/bcqeerccbdfkfpeq/Freddy_Vs_Jason_2003_720p_BrRip_x264_BOKUTOX_YIFY_mp4</link>
        <thumbnail>https://image.tmdb.org/t/p/w1280/smD9JEIKuvsllgjgrGTOzzbATeN.jpg</thumbnail>
        </item>

</items>        