<items>
	<item>
        <title>[COLORpurple]Casper (1995)[/COLOR]</title>
        <link>https://streamango.com/f/abfdeocfbdrkeopd/Casper_1995_1080p_BluRay_x264_YIFY_mp4</link>
        <thumbnail>https://image.tmdb.org/t/p/w640/cpMbvFDD2C21pqMNXVPhSWGQBR9.jpg</thumbnail>
        <fanart>http://wallpaper.pickywallpapers.com/1920x1080/halloween-cityhunter.jpg</fanart>
        </item>

        <item>
        <title>[COLORpurple]Casper Meets Wendy (1998)[/COLOR]</title>
        <link>http://gorillavid.in/ef4tsjeys1qb</link>
        <thumbnail>https://image.tmdb.org/t/p/w640/z8lJJ1l7dpK2QPEUGnaxCA7IsGv.jpg</thumbnail>
        <fanart>http://wallpaper.pickywallpapers.com/1920x1080/halloween-cityhunter.jpg</fanart>
        </item>

        <item>
        <title>[COLORpurple]Coraline (2005)[/COLOR]</title>
        <link>https://streamango.com/f/rnabbcqlfosotdnt/Coraline_2009_BluRay_720p_x264_YIFY_mp4</link>
        <thumbnail>https://image.tmdb.org/t/p/w640/ybOmHUVVXcwBQErjw7tmeE97fpO.jpg</thumbnail>
        <fanart>http://wallpaper.pickywallpapers.com/1920x1080/halloween-cityhunter.jpg</fanart>
        </item>
        
        <item>
        <title>[COLORpurple]Corpse Bride (2009)[/COLOR]</title>
        <link>https://estream.to/ykw41o8tprq9.html</link>
        <thumbnail>https://image.tmdb.org/t/p/w640/o9GbcdP7rOg2m1NyUnUR3ZwNcTE.jpg</thumbnail>
        <fanart>http://wallpaper.pickywallpapers.com/1920x1080/halloween-cityhunter.jpg</fanart>
        </item>

        <item>
        <title>[COLORpurple]Dear Dracula (2012)[/COLOR]</title>
        <link>https://estream.to/iw0v09uztdct.html</link>
        <thumbnail>https://image.tmdb.org/t/p/w640/gKQKViN9NkmZn9Q7IzMCAHef6ew.jpg</thumbnail>
        <fanart>http://wallpaper.pickywallpapers.com/1920x1080/halloween-cityhunter.jpg</fanart>
        </item>

	<item>
        <title>[COLORpurple]Frankenweenie (2012)[/COLOR]</title>
        <link>https://streamango.com/f/cbsodrdfnlkrbplr/Frankenweenie_2012_720p_BrRip_x264_YIFY_mp4</link>
        <thumbnail>https://image.tmdb.org/t/p/w1280/zMFJ0Uy9y0Oy3KPbgtRic6IYzRk.jpg</thumbnail>
        <fanart>http://wallpaper.pickywallpapers.com/1920x1080/halloween-cityhunter.jpg</fanart>
        </item>

        <item>
        <title>[COLORpurple]Goosebumps (2015)[/COLOR]</title>
        <link>https://estream.to/1pds62jv8mo6.html</link>
        <thumbnail>https://image.tmdb.org/t/p/w640/eDfk8yoBoPKBRBRVVKZ0uCHsFfP.jpg</thumbnail>
        <fanart>http://wallpaper.pickywallpapers.com/1920x1080/halloween-cityhunter.jpg</fanart>
        </item>

	<item>
        <title>[COLORpurple]Hocus Pocus (1993)[/COLOR]</title>
        <link>https://streamango.com/f/tbbareqqaeotobfm/Hocus_Pocus_1993_1080p_BrRip_x264_YIFY_mp4</link>
        <thumbnail>https://image.tmdb.org/t/p/w1280/okCXNIX9QXNXbWM9NBnKlMpYVBd.jpg</thumbnail>
        <fanart>http://wallpaper.pickywallpapers.com/1920x1080/halloween-cityhunter.jpg</fanart>
        </item>

	<item>
        <title>[COLORpurple]Hotel Transylvania (2012)[/COLOR]</title>
        <link>https://streamango.com/f/scaomlnnadknflms/Hotel_Transylvania_2012_720p_BluRay_x264_YIFY_mp4</link>
        <thumbnail>https://image.tmdb.org/t/p/w640/fHntg68hzEtpDuvx8PWTHoPsED2.jpg</thumbnail>
        <fanart>http://wallpaper.pickywallpapers.com/1920x1080/halloween-cityhunter.jpg</fanart>
        </item>

        <item>
        <title>[COLORpurple]Hotel Transylvania 2 (2015)[/COLOR]</title>
        <link>https://streamango.com/f/aatdrtcsdqmlkebo/Hotel_Transylvania_2_2015_720p_HDRip_X264-REMO_mkv</link>
        <thumbnail>https://image.tmdb.org/t/p/w640/cFQHMUmxaO3PEDo5lxuQC8MCRIH.jpg</thumbnail>
        <fanart>http://wallpaper.pickywallpapers.com/1920x1080/halloween-cityhunter.jpg</fanart>
        </item>

        <item>
        <title>[COLORpurple]Its the Great Pumpkin Charlie Brown (1966)[/COLOR]</title>
        <link>https://streamango.com/f/adsplsomknekpdnt/Its_The_Great_Pumpkin_Charlie_Brown_1966_MnM-RG_H264_mp4</link>
        <thumbnail>https://image.tmdb.org/t/p/w640/9QdnfxTDKUSW1t23sKSQjPNs0iD.jpg</thumbnail>
        <fanart>http://wallpaper.pickywallpapers.com/1920x1080/halloween-cityhunter.jpg</fanart>
        </item>

        <item>
        <title>[COLORpurple]Monster House (2006)[/COLOR]</title>
        <link>https://streamango.com/f/dfqscrmlstnkcqod/Monster_House_2006_720p_BluRay_x264_YIFY_mp4</link>
        <thumbnail>https://image.tmdb.org/t/p/w1280/vOhKyKxlmtRwRHqKGV2VrFhJjCG.jpg</thumbnail>
        <fanart>http://wallpaper.pickywallpapers.com/1920x1080/halloween-cityhunter.jpg</fanart>
        </item>

        <item>
        <title>[COLORpurple]ParaNorman (2012)[/COLOR]</title>
        <link>https://streamango.com/f/nadosndfcblafbml/Paranorman_2012_720p_BrRip_x264_YIFY_mp4</link>
        <thumbnail>https://image.tmdb.org/t/p/w1280/pfGmWVyGHgdJrdKrZ5RWZpbAhkn.jpg</thumbnail>
        <fanart>http://wallpaper.pickywallpapers.com/1920x1080/halloween-cityhunter.jpg</fanart>
        </item>

        <item>
        <title>[COLORpurple]The Addams Family (1991)[/COLOR]</title>
        <link>https://streamango.com/f/epekalltrfpktcmq/The_Addams_Family_1991_720p_BluRay_x264_YIFY_mp4</link>
        <thumbnail>https://image.tmdb.org/t/p/w1280/ajiQj0jbacMAmPxDU3fP9TeIfTi.jpg</thumbnail>
        <fanart>http://wallpaper.pickywallpapers.com/1920x1080/halloween-cityhunter.jpg</fanart>
        </item>

        <item>
        <title>[COLORpurple]The Haunted Mansion (2003)[/COLOR]</title>
        <link>https://estream.to/0kxksqkpgn09.html</link>
        <thumbnail>https://image.tmdb.org/t/p/w640/gEAvUQ4357Fghaqthi7X3wK9Y9U.jpg</thumbnail>
        <fanart>http://wallpaper.pickywallpapers.com/1920x1080/halloween-cityhunter.jpg</fanart>
        </item>

        <item>
        <title>[COLORpurple]The Nightmare Before Christmas (1993)[/COLOR]</title>
        <link>https://streamango.com/f/tkcesqtnceokbelc/The_Nightmare_Before_Christmas_1993_DvDrip_Eng_-YeasT_avi</link>
        <thumbnail>https://image.tmdb.org/t/p/w1280/6oxkO1VgKCq74fNILKAg6t2dVEt.jpg</thumbnail>
        <fanart>http://wallpaper.pickywallpapers.com/1920x1080/halloween-cityhunter.jpg</fanart>
        </item>

        <item>
        <title>[COLORpurple]Under Wraps (1997)[/COLOR]</title>
        <link>https://estream.to/2hofzga92rbl.html</link>
        <thumbnail>https://image.tmdb.org/t/p/w640/4xRqGbXIxjdEFuM1QVOqevubuU4.jpg</thumbnail>
        <fanart>http://wallpaper.pickywallpapers.com/1920x1080/halloween-cityhunter.jpg</fanart>
        </item>

</items>