<items>
        <item>
        <title>[B][COLORgreen]Xtreme Sports[/COLOR][/B]</title>
        <link>https://raw.githubusercontent.com/dpollett/repository.xtreme/master/plugin.video.xtremevideos/resources/xtremesports.xml</link>
        <thumbnail>none</thumbnail>
        </item>

        <item>
        <title>[B][COLORgreen]Xtreme Wilderness[/COLOR][/B]</title>
        <link>https://raw.githubusercontent.com/dpollett/repository.xtreme/master/plugin.video.xtremevideos/resources/xtremewildnerness.xml</link>
        <thumbnail>https://i.imgur.com/8oACm4c.png</thumbnail>
        </item>

        <item>
        <title>[B][COLORgreen]Xtreme Outback[/COLOR][/B]</title>
        <link>https://raw.githubusercontent.com/dpollett/repository.xtreme/master/plugin.video.xtremevideos/resources/xtremeoutback.xml</link>
        <thumbnail>https://i.imgur.com/SYsZGEX.png</thumbnail>
        </item>

        <item>
        <title>[B][COLORgreen]Xtreme Nature[/COLOR][/B]</title>
        <link>https://raw.githubusercontent.com/dpollett/repository.xtreme/master/plugin.video.xtremevideos/resources/xtremenature.xml</link>
        <thumbnail>https://i.imgur.com/lYx9hnB.jpg</thumbnail>
        </item>

        <item>
        <title>[B][COLORgreen]Xtreme Survival[/COLOR][/B]</title>
        <link>https://raw.githubusercontent.com/dpollett/repository.xtreme/master/plugin.video.xtremevideos/resources/xtremesurvival.xml</link>
        <thumbnail>https://i.imgur.com/ybqrZ71.jpg</thumbnail>
        </item>

        <item>
        <title>[B][COLORgreen]Wild Amazonl[/COLOR][/B]</title>
        <link>https://raw.githubusercontent.com/dpollett/repository.xtreme/master/plugin.video.xtremevideos/resources/wildamazon.xml</link>
        <thumbnail>https://i.imgur.com/XWIgX4Y.png</thumbnail>
        </item>

        <item>
        <title>[B][COLORgreen]Wild Asia[/COLOR][/B]</title>
        <link>https://raw.githubusercontent.com/dpollett/repository.xtreme/master/plugin.video.xtremevideos/resources/wildasia.xml</link>
        <thumbnail>https://i.imgur.com/gecSKfi.png</thumbnail>
        </item>

        <item>
        <title>[B][COLORgreen]Artic Adventure[/COLOR][/B]</title>
        <link>https://raw.githubusercontent.com/dpollett/repository.xtreme/master/plugin.video.xtremevideos/resources/articadventure.xml</link>
        <thumbnail>https://i.imgur.com/lVRUIDJ.jpg</thumbnail>
        </item>

        <item>
        <title>[B][COLORgreen]Wild Africa[/COLOR][/B]</title>
        <link>https://raw.githubusercontent.com/dpollett/repository.xtreme/master/plugin.video.xtremevideos/resources/wildafrica.xml</link>
        <thumbnail>https://i.imgur.com/AfRxriP.jpg</thumbnail>
        </item>

        <item>
        <title>[B][COLORgreen]From the Deep[/COLOR][/B]</title>
        <link>https://raw.githubusercontent.com/dpollett/repository.xtreme/master/plugin.video.xtremevideos/resources/fromthedeep.xml</link>
        <thumbnail>https://i.imgur.com/FFQ3prv.png</thumbnail>
        </item>

        <item>
        <title>[B][COLORgreen]White Water Rafting[/COLOR][/B]</title>
        <link>https://raw.githubusercontent.com/dpollett/repository.xtreme/master/plugin.video.xtremevideos/resources/whitewaterrafting.xml</link>
        <thumbnail>https://i.imgur.com/Bo0GQ20.jpg</thumbnail>
        </item>


</items>        