<items>
        <item>
        <title>[B][COLORwhite]##### MOTOR X #####[/COLOR][/B]</title>
        <link>none</link>
        <thumbnail>https://i.imgur.com/N6cN4Ng.jpg</thumbnail>
        </item>

        <item>
        <title>[B][COLORgreen]Full Movie: Fear Not[/COLOR][/B]</title>
        <link>https://www.youtube.com/watch?v=1S4hhLIaXR8</link>
        <thumbnail>none</thumbnail>
        </item>

        <item>
        <title>[B][COLORgreen]Suspense: Full Movie[/COLOR][/B]</title>
        <link>https://www.youtube.com/watch?v=TyRIPABZaIE</link>
        <thumbnail>none</thumbnail>
        </item>

        <item>
        <title>[B][COLORgreen]Full Movie: Moto 3[/COLOR][/B]</title>
        <link>https://www.youtube.com/watch?v=QkkYylCVyoY</link>
        <thumbnail>none</thumbnail>
        </item>

        <item>
        <title>[B][COLORgreen]Motocrossed: The Movie[/COLOR][/B]</title>
        <link>https://www.youtube.com/watch?v=TImwslN0WTo</link>
        <thumbnail>none</thumbnail>
        </item>

        <item>
        <title>[B][COLORgreen]Full Movie: The Golden Era[/COLOR][/B]</title>
        <link>https://www.youtube.com/watch?v=NvPk2YUDkPs</link>
        <thumbnail>none</thumbnail>
        </item>

        <item>
        <title>[B][COLORgreen]Full Movie: Hit the Wick[/COLOR][/B]</title>
        <link>https://www.youtube.com/watch?v=EQ2mwHSBXxM</link>
        <thumbnail>none</thumbnail>
        </item>

        <item>
        <title>[B][COLORgreen]Full Movie: Supercross[/COLOR][/B]</title>
        <link>https://www.youtube.com/watch?v=Xa4z-IcxVAg</link>
        <thumbnail>none</thumbnail>
        </item>

        <item>
        <title>[B][COLORgreen]Full Movie: Crusty Demons 16: Outback Attack[/COLOR][/B]</title>
        <link>https://www.youtube.com/watch?v=Tyy3zhiGQfM</link>
        <thumbnail>none</thumbnail>
        </item>

        <item>
        <title>[B][COLORgreen]Blitz MX movie[/COLOR][/B]</title>
        <link>https://www.youtube.com/watch?v=v2iWbGXWn64</link>
        <thumbnail>none</thumbnail>
        </item>

        <item>
        <title>[B][COLORgreen]Crossing the Line (1990)[/COLOR][/B]</title>
        <link>https://www.youtube.com/watch?v=WCx5Ek6PQ5E</link>
        <thumbnail>none</thumbnail>
        </item>

        <item>
        <title>[B][COLORgreen]The Great Outdoors: The Destroyers[/COLOR][/B]</title>
        <link>https://www.youtube.com/watch?v=ChSN2tHvThs</link>
        <thumbnail>none</thumbnail>
        </item>

        <item>
        <title>[B][COLORgreen]Full Movie: Moto The Movie[/COLOR][/B]</title>
        <link>https://www.youtube.com/watch?v=yBA4hrgAMdM</link>
        <thumbnail>none</thumbnail>
        </item>

        <item>
        <title>[B][COLORgreen]FMX Riot II[/COLOR][/B]</title>
        <link>ttps://www.youtube.com/watch?v=XJVf75JVIYg</link>
        <thumbnail>none</thumbnail>
        </item>

        <item>
        <title>[B][COLORgreen]The Reckless Moto 2014: MX Movie[/COLOR][/B]</title>
        <link>https://www.youtube.com/watch?v=Y_2ROJz-Aj8</link>
        <thumbnail>none</thumbnail>
        </item>

        <item>
        <title>[B][COLORgreen]I.G. FILMS: The Project[/COLOR][/B]</title>
        <link>https://www.youtube.com/watch?v=cyRfauC1aNQ</link>
        <thumbnail>none</thumbnail>
        </item>

        <item>
        <title>[B][COLORgreen]Transworld Motocross Crush[/COLOR][/B]</title>
        <link>https://www.youtube.com/watch?v=3g5Psc04nlc</link>
        <thumbnail>none</thumbnail>
        </item>

</items>        