<items>
        <item>
        <title>[B][COLORwhite]##### WAKE BOARDING #####[/COLOR][/B]</title>
        <link>none</link>
        <thumbnail>https://i.imgur.com/N6cN4Ng.jpg</thumbnail>
        </item>

        <item>
        <title>[B][COLORgreen]Beginner Wakeboard Tutorial[/COLOR][/B]</title>
        <link>https://www.youtube.com/watch?v=06yHcDb1s-4</link>
        <thumbnail>none</thumbnail>
        </item>

        <item>
        <title>[B][COLORgreen]Wakeboarding - How to get up on a wakeboard[/COLOR][/B]</title>
        <link>https://www.youtube.com/watch?v=7tdlcmbuLOA</link>
        <thumbnail>none</thumbnail>
        </item>

        <item>
        <title>[B][COLORgreen]A possible way to learn new tricks[/COLOR][/B]</title>
        <link>https://www.youtube.com/watch?v=hvJtXS_Skro</link>
        <thumbnail>none</thumbnail>
        </item>

        <item>
        <title>[B][COLORgreen]How to Ollie on Wakeboard[/COLOR][/B]</title>
        <link>https://www.youtube.com/watch?v=SccnRvnB6Gw</link>
        <thumbnail>none</thumbnail>
        </item>

        <item>
        <title>[B][COLORgreen]Kicker HS FS 360 Wakeboard Tutorial[/COLOR][/B]</title>
        <link>https://www.youtube.com/watch?v=JBSq5R3uYbI</link>
        <thumbnail>none</thumbnail>
        </item>

        <item>
        <title>[B][COLORgreen]Spray Tricks Wakeboard Tutorial[/COLOR][/B]</title>
        <link>https://www.youtube.com/watch?v=9EwQwkKD2jE</link>
        <thumbnail>none</thumbnail>
        </item>

        <item>
        <title>[B][COLORgreen]Spray Tricks Wakeboard Tutorial 2[/COLOR][/B]</title>
        <link>https://www.youtube.com/watch?v=9EwQwkKD2jE</link>
        <thumbnail>none</thumbnail>
        </item>

        <item>
        <title>[B][COLORgreen]Raley Invert Wakeboard Tutorial[/COLOR][/B]</title>
        <link>https://www.youtube.com/watch?v=FRwHcJjfCR4</link>
        <thumbnail>none</thumbnail>
        </item>

        <item>
        <title>[B][COLORgreen]How to do Basic Cable Wakeboarding Grabs with Progressions[/COLOR][/B]</title>
        <link>https://www.youtube.com/watch?v=hHxEBnhLsXs</link>
        <thumbnail>none</thumbnail>
        </item>

        <item>
        <title>[B][COLORgreen]Wakeboard Tutorial: How to do a Backflip[/COLOR][/B]</title>
        <link>https://www.youtube.com/watch?v=3V6UXYUKZO4</link>
        <thumbnail>none</thumbnail>
        </item>

        <item>
        <title>[B][COLORgreen]Wakeboard Tutorial: Heelside Back Roll[/COLOR][/B]</title>
        <link>https://www.youtube.com/watch?v=mVhp0xbJb7M</link>
        <thumbnail>none</thumbnail>
        </item>

        <item>
        <title>[B][COLORgreen]GoPro Awards: College Team Wakeboard Tricks on Lake Powell[/COLOR][/B]</title>
        <link>https://www.youtube.com/watch?v=DrmX3P6rzug</link>
        <thumbnail>none</thumbnail>
        </item>

        <item>
        <title>[B][COLORgreen]GoPro: Lake Powell Wakeboarding Adventures[/COLOR][/B]</title>
        <link>https://www.youtube.com/watch?v=hNvrK2vQsOQ</link>
        <thumbnail>none</thumbnail>
        </item>

        <item>
        <title>[B][COLORgreen]Barefoot Waterskiing Freestyle Craziness[/COLOR][/B]</title>
        <link>https://www.youtube.com/watch?v=8P1vKpL3Zcs</link>
        <thumbnail>none</thumbnail>
        </item>

        <item>
        <title>[B][COLORgreen]10 Water TOYS You Must Try At This Summer[/COLOR][/B]</title>
        <link>https://www.youtube.com/watch?v=1IOhNx9vcoA</link>
        <thumbnail>none</thumbnail>
        </item>

        <item>
        <title>[B][COLORgreen]How To Bodyboard The Cutback[/COLOR][/B]</title>
        <link>https://www.youtube.com/watch?v=cw6CJPODCU0</link>
        <thumbnail>none</thumbnail>
        </item>

        <item>
        <title>[B][COLORgreen]WAKEPORNING 2015: Full Movie[/COLOR][/B]</title>
        <link>https://www.youtube.com/watch?v=L2L96l5I9M0</link>
        <thumbnail>none</thumbnail>
        </item>

        <item>
        <title>[B][COLORgreen]Wakeboard: Full Movie[/COLOR][/B]</title>
        <link>https://www.youtube.com/watch?v=o8cI0BhKnO4</link>
        <thumbnail>none</thumbnail>
        </item>

        <item>
        <title>[B][COLORgreen]Best of Wakeboarding 2015[/COLOR][/B]</title>
        <link>https://www.youtube.com/watch?v=A9tmZKl2lOk</link>
        <thumbnail>none</thumbnail>
        </item>

        <item>
        <title>[B][COLORgreen]Full Length Liquid Gold by Body Glove[/COLOR][/B]</title>
        <link>https://www.youtube.com/watch?v=c26g4VgpHpM</link>
        <thumbnail>none</thumbnail>
        </item>

        <item>
        <title>[B][COLORgreen]Wake The Line Full Film[/COLOR][/B]</title>
        <link>https://www.youtube.com/watch?v=Kcm4IEecLRQ</link>
        <thumbnail>none</thumbnail>
        </item>

        <item>
        <title>[B][COLORgreen]GIRLS OF WAKEBOARDING[/COLOR][/B]</title>
        <link>https://www.youtube.com/watch?v=f-A0QEwkl8c</link>
        <thumbnail>none</thumbnail>
        </item>

        <item>
        <title>[B][COLORgreen]Transgression 2017 Movie[/COLOR][/B]</title>
        <link>https://www.youtube.com/watch?v=Ik2S-bxDIlA</link>
        <thumbnail>none</thumbnail>
        </item>

        <item>
        <title>[B][COLORgreen]2012 MasterCraft Pro Wakeboard Tour: King of Wake[/COLOR][/B]</title>
        <link>https://www.youtube.com/watch?v=L66X3AsflqI</link>
        <thumbnail>none</thumbnail>
        </item>

        <item>
        <title>[B][COLORgreen]Sets In Motion: A Women's Wake Film[/COLOR][/B]</title>
        <link>https://www.youtube.com/watch?v=i0UzibjILlU</link>
        <thumbnail>none</thumbnail>
        </item>

        <item>
        <title>[B][COLORgreen]Wakesurfection wakeboarding 2013[/COLOR][/B]</title>
        <link>https://www.youtube.com/watch?v=9Okgpi--jCk</link>
        <thumbnail>none</thumbnail>
        </item>

        <item>
        <title>[B][COLORgreen]Rewind 2012[/COLOR][/B]</title>
        <link>https://www.youtube.com/watch?v=ZnRxh8h6NYY</link>
        <thumbnail>none</thumbnail>
        </item>

</items>