<items>
        <item>
        <title>[B][COLORgreen]Red Bull Signature Series[/COLOR][/B]</title>
        <link>https://raw.githubusercontent.com/dpollett/repository.xtreme/master/plugin.video.xtremevideos/resources/redbull.xml</link>
        <thumbnail>none</thumbnail>
        </item>

        <item>
        <title>[B][COLORgreen]Drag Racing[/COLOR][/B]</title>
        <link>https://raw.githubusercontent.com/dpollett/repository.xtreme/master/plugin.video.xtremevideos/resources/dragracing.xml</link>
        <thumbnail>none</thumbnail>
        </item>

        <item>
        <title>[B][COLORgreen]Body Boarding[/COLOR][/B]</title>
        <link>https://raw.githubusercontent.com/dpollett/repository.xtreme/master/plugin.video.xtremevideos/resources/bodyboarding.xml</link>
        <thumbnail>none</thumbnail>
        </item>

        <item>
        <title>[B][COLORgreen]Rally X[/COLOR][/B]</title>
        <link>https://raw.githubusercontent.com/dpollett/repository.xtreme/master/plugin.video.xtremevideos/resources/rallyx.xml</link>
        <thumbnail>none</thumbnail>
        </item>

        <item>
        <title>[B][COLORgreen]Free Climbing[/COLOR][/B]</title>
        <link>https://raw.githubusercontent.com/dpollett/repository.xtreme/master/plugin.video.xtremevideos/resources/freeclimbing.xml</link>
        <thumbnail>none</thumbnail>
        </item>

        <item>
        <title>[B][COLORgreen]Ice Speedway[/COLOR][/B]</title>
        <link>https://raw.githubusercontent.com/dpollett/repository.xtreme/master/plugin.video.xtremevideos/resources/icespeedway.xml</link>
        <thumbnail>none</thumbnail>
        </item>

        <item>
        <title>[B][COLORgreen]Kite Surfing[/COLOR][/B]</title>
        <link>https://raw.githubusercontent.com/dpollett/repository.xtreme/master/plugin.video.xtremevideos/resources/kitesurfing.xml</link>
        <thumbnail>none</thumbnail>
        </item>

        <item>
        <title>[B][COLORgreen]Nascar[/COLOR][/B]</title>
        <link>https://raw.githubusercontent.com/dpollett/repository.xtreme/master/plugin.video.xtremevideos/resources/nascar.xml</link>
        <thumbnail>none</thumbnail>
        </item>

        <item>
        <title>[B][COLORgreen]Jet Ski[/COLOR][/B]</title>
        <link>https://raw.githubusercontent.com/dpollett/repository.xtreme/master/plugin.video.xtremevideos/resources/jetski.xml</link>
        <thumbnail>none</thumbnail>
        </item>

        <item>
        <title>[B][COLORgreen]Power Boat[/COLOR][/B]</title>
        <link>https://raw.githubusercontent.com/dpollett/repository.xtreme/master/plugin.video.xtremevideos/resources/powerboat.xml</link>
        <thumbnail>none</thumbnail>
        </item>

        <item>
        <title>[B][COLORgreen]Motor X[/COLOR][/B]</title>
        <link>https://raw.githubusercontent.com/dpollett/repository.xtreme/master/plugin.video.xtremevideos/resources/motorx.xml</link>
        <thumbnail>none</thumbnail>
        </item>

        <item>
        <title>[B][COLORgreen]Mountain Biking[/COLOR][/B]</title>
        <link>https://raw.githubusercontent.com/dpollett/repository.xtreme/master/plugin.video.xtremevideos/resources/mountainbiking.xml</link>
        <thumbnail>none</thumbnail>
        </item>

        <item>
        <title>[B][COLORgreen]Snowboarding[/COLOR][/B]</title>
        <link>https://raw.githubusercontent.com/dpollett/repository.xtreme/master/plugin.video.xtremevideos/resources/snowboarding.xml</link>
        <thumbnail>none</thumbnail>
        </item>

        <item>
        <title>[B][COLORgreen]Wakeboarding[/COLOR][/B]</title>
        <link>https://raw.githubusercontent.com/dpollett/repository.xtreme/master/plugin.video.xtremevideos/resources/wakeboarding.xml</link>
        <thumbnail>none</thumbnail>
        </item>

        <item>
        <title>[B][COLORgreen]Extreme Flix[/COLOR][/B]</title>
        <link>https://raw.githubusercontent.com/dpollett/repository.xtreme/master/plugin.video.xtremevideos/resources/extremeflix.xml</link>
        <thumnail>none</thumbnail>
        </item>

        <item>
        <title>[B][COLORgreen]Mountain Boarding[/COLOR][/B]</title>
        <link>https://raw.githubusercontent.com/dpollett/repository.xtreme/master/plugin.video.xtremevideos/resources/mountainboarding.xml</link>
        <thumbnail>none</thumbnail>
        </item>

        <item>
        <title>[B][COLORgreen]Dog Sled[/COLOR][/B]</title>
        <link>https://raw.githubusercontent.com/dpollett/repository.xtreme/master/plugin.video.xtremevideos/resources/dogsled.xml</link>
        <thumbnail>none</thumbnail>
        </item>

        <item>
        <title>[B][COLORgreen]Steph Curry[/COLOR][/B]</title>
        <link>https://raw.githubusercontent.com/dpollett/repository.xtreme/master/plugin.video.xtremevideos/resources/stephcurry.xml</link>
        <thumbnail>none</thumbnail>
        </item>

</items>