<items>
		<item>
        <title>[COLORdarkorange]Treehouse of Horror I[/COLOR]</title>
        <link>https://estream.to/4k622sqatord.html</link>
        <thumbnail>none</thumbnail>
        </item>

        <item>
        <title>[COLORdarkorange]Treehouse of Horror II[/COLOR]</title>
        <link>https://estream.to/kxay65by7xle.html</link>
        <thumbnail>none</thumbnail>
        </item>

        <item>
        <title>[COLORdarkorange]Treehouse of Horror III[/COLOR]</title>
        <link>https://estream.to/se8wy9pbenk2.html</link>
        <thumbnail>none</thumbnail>
        </item>

        <item>
        <title>[COLORdarkorange]Treehouse of Horror IV[/COLOR]</title>
        <link>https://estream.to/ll8sdb98pli6.html</link>
        <thumbnail>none</thumbnail>
        </item>

        <item>
        <title>[COLORdarkorange]Treehouse of Horror V[/COLOR]</title>
        <link>https://estream.to/s8xtj9q4n7p6.html</link>
        <thumbnail>none</thumbnail>
        </item>

        <item>
        <title>[COLORdarkorange]Treehouse of Horror VI[/COLOR]</title>
        <link>https://estream.to/63fe4pgy6ig6.html</link>
        <thumbnail>none</thumbnail>
        </item>

        <item>
        <title>[COLORdarkorange]Treehouse of Horror VII[/COLOR]</title>
        <link>https://estream.to/e42zrrdj857g.html</link>
        <thumbnail>none</thumbnail>
        </item>

        <item>
        <title>[COLORdarkorange]Treehouse of Horror VIII[/COLOR]</title>
        <link>https://estream.to/1osxkwfoxtv2.html</link>
        <thumbnail>none</thumbnail>
        </item>

        <item>
        <title>[COLORdarkorange]Treehouse of Horror IX[/COLOR]</title>
        <link>https://estream.to/vgija8zrnezs.html</link>
        <thumbnail>none</thumbnail>
        </item>

        <item>
        <title>[COLORdarkorange]Treehouse of Horror X[/COLOR]</title>
        <link>https://estream.to/2bxt42jayue7.html</link>
        <thumbnail>none</thumbnail>
        </item>

        <item>
        <title>[COLORdarkorange]Treehouse of Horror XI[/COLOR]</title>
        <link>https://estream.to/x8x93093ce7i.html</link>
        <thumbnail>none</thumbnail>
        </item>

        <item>
        <title>[COLORdarkorange]Treehouse of Horror XII[/COLOR]</title>
        <link>https://estream.to/jn4defvmxv7f.html</link>
        <thumbnail>none</thumbnail>
        </item>

        <item>
        <title>[COLORdarkorange]Treehouse of Horror XIII[/COLOR]</title>
        <link>https://estream.to/u3fgd5xmm1tv.html</link>
        <thumbnail>none</thumbnail>
        </item>

        <item>
        <title>[COLORdarkorange]Treehouse of Horror XIV[/COLOR]</title>
        <link>https://estream.to/lagr3p65q5wg.html</link>
        <thumbnail>none</thumbnail>
        </item>

        <item>
        <title>[COLORdarkorange]Treehouse of Horror XV[/COLOR]</title>
        <link>https://estream.to/zbi441qjr9u4.html</link>
        <thumbnail>none</thumbnail>
        </item>

        <item>
        <title>[COLORdarkorange]Treehouse of Horror XVI[/COLOR]</title>
        <link>https://estream.to/u4xd74a7debm.html</link>
        <thumbnail>none</thumbnail>
        </item>

        <item>
        <title>[COLORdarkorange]Treehouse of Horror XVII[/COLOR]</title>
        <link>https://estream.to/3yjzq33p8biu.html</link>
        <thumbnail>none</thumbnail>
        </item>

        <item>
        <title>[COLORdarkorange]Treehouse of Horror XVIII[/COLOR]</title>
        <link>https://estream.to/i9c6w859e4dx.html</link>
        <thumbnail>none</thumbnail>
        </item>

        <item>
        <title>[COLORdarkorange]Treehouse of Horror XIX[/COLOR]</title>
        <link>https://estream.to/yfj41hh8r5gv.html</link>
        <thumbnail>none</thumbnail>
        </item>

        <item>
        <title>[COLORdarkorange]Treehouse of Horror XX/COLOR]</title>
        <link>https://estream.to/42f907nhd7bd.html</link>
        <thumbnail>none</thumbnail>
        </item>

        <item>
        <title>[COLORdarkorange]Treehouse of Horror XXI[/COLOR]</title>
        <link>https://estream.to/n7c2cxnq77hs.html</link>
        <thumbnail>none</thumbnail>
        </item>

        <item>
        <title>[COLORdarkorange]Treehouse of Horror XXIII[/COLOR]</title>
        <link>https://estream.to/bda7j5t8kjd7.html</link>
        <thumbnail>none</thumbnail>
        </item>

        <item>
        <title>[COLORdarkorange]Treehouse of Horror XXIV[/COLOR]</title>
        <link>https://estream.to/3apzlnyo9the.html</link>
        <thumbnail>none</thumbnail>
        </item>

        <item>
        <title>[COLORdarkorange]Treehouse of Horror XXV[/COLOR]</title>
        <link>https://estream.to/rfu2v6gipiwi.html</link>
        <thumbnail>none</thumbnail>
        </item>

        <item>
        <title>[COLORdarkorange]Treehouse of Horror XXVI[/COLOR]</title>
        <link>https://estream.to/4yssgz01y23i.html</link>
        <thumbnail>none</thumbnail>
        </item>

        <item>
        <title>[COLORdarkorange]Treehouse of Horror XXVII[/COLOR]</title>
        <link>https://estream.to/fq7widv5eh0j.html</link>
        <thumbnail>none</thumbnail>
        </item>

</items>