<items>
	<item>
        <title>[COLORdarkorange]S2E1[/COLOR]</title>
        <link>https://estream.to/xvcy7mvdhxkj.html</link>
        <thumbnail>none</thumbnail>
        </item>

        <item>
        <title>[COLORdarkorange]S2E2[/COLOR]</title>
        <link>https://estream.to/fi3o3u09a145.html</link>
        <thumbnail>none</thumbnail>
        </item>

        <item>
        <title>[COLORdarkorange]S2E3[/COLOR]</title>
        <link>https://estream.to/ajvuw6qysyff.html</link>
        <thumbnail>none</thumbnail>
        </item>

        <item>
        <title>[COLORdarkorange]S2E4[/COLOR]</title>
        <link>https://estream.to/94183420t1kb.html</link>
        <thumbnail>none</thumbnail>
        </item>

        <item>
        <title>[COLORdarkorange]S2E5[/COLOR]</title>
        <link>https://estream.to/80qll5m7qogz.html</link>
        <thumbnail>none</thumbnail>
        </item>

        <item>
        <title>[COLORdarkorange]S2E6[/COLOR]</title>
        <link>https://estream.to/qe2s2a5krykk.html</link>
        <thumbnail>none</thumbnail>
        </item>

        <item>
        <title>[COLORdarkorange]S2E7[/COLOR]</title>
        <link>https://estream.to/02229uku1qu1.html</link>
        <thumbnail>none</thumbnail>
        </item>

        <item>
        <title>[COLORdarkorange]S2E8[/COLOR]</title>
        <link>https://estream.to/ql21wcsakvuu.html</link>
        <thumbnail>none</thumbnail>
        </item>

        <item>
        <title>[COLORdarkorange]S2E9[/COLOR]</title>
        <link>https://estream.to/tosujw1jzeon.html</link>
        <thumbnail>none</thumbnail>
        </item>

        <item>
        <title>[COLORdarkorange]S2E10[/COLOR]</title>
        <link>https://estream.to/eogogjr0w74s.html</link>
        <thumbnail>none</thumbnail>
        </item>

        <item>
        <title>[COLORdarkorange]S2E11[/COLOR]</title>
        <link>https://estream.to/7925qkb4hm60.html</link>
        <thumbnail>none</thumbnail>
        </item>

        <item>
        <title>[COLORdarkorange]S2E12[/COLOR]</title>
        <link>https://estream.to/eb6goy5s6p6o.html</link>
        <thumbnail>none</thumbnail>
        </item>

        <item>
        <title>[COLORdarkorange]S2E13[/COLOR]</title>
        <link>https://estream.to/ckav7rnmah67.html</link>
        <thumbnail>none</thumbnail>
        </item>

        <item>
        <title>[COLORdarkorange]S2E14[/COLOR]</title>
        <link>https://estream.to/k9cscngio6kp.html</link>
        <thumbnail>none</thumbnail>
        </item>

        <item>
        <title>[COLORdarkorange]S2E15[/COLOR]</title>
        <link>https://estream.to/o1n4w9wsp215.html</link>
        <thumbnail>none</thumbnail>
        </item>

        <item>
        <title>[COLORdarkorange]S2E16[/COLOR]</title>
        <link>https://estream.to/dusna5j1kzne.html</link>
        <thumbnail>none</thumbnail>
        </item>

        <item>
        <title>[COLORdarkorange]S2E17[/COLOR]</title>
        <link>https://estream.to/b6xip7mtndzx.html</link>
        <thumbnail>none</thumbnail>
        </item>

        <item>
        <title>[COLORdarkorange]S2E18[/COLOR]</title>
        <link>https://estream.to/w1omdymgbgn9.html</link>
        <thumbnail>none</thumbnail>
        </item>

</items>	

