<?xml version="1.0" encoding="UTF-8" standalone="yes"?>
<addon id="repository.xtreme" name="Xtreme" version="0.0.1" provider-name="dp1">
	<extension point="xbmc.addon.repository" name="Xtreme">
		<dir>
			<info compressed="false">https://raw.githubusercontent.com/noobsandnerds/modules4all/master/zips/addons.xml</info>
			<checksum>https://raw.githubusercontent.com/noobsandnerds/modules4all/master/zips/addons.xml.md5</checksum>
			<datadir zip="true">https://raw.githubusercontent.com/noobsandnerds/modules4all/master/zips/</datadir>
		</dir>
		<info compressed="false">https://raw.githubusercontent.com/dpollett/repository.xtreme/master/zips/addons.xml</info>
		<checksum>https://raw.githubusercontent.com/dpollett/repository.xtreme/master/zips/addons.xml.md5</checksum>
		<datadir zip="true">https://raw.githubusercontent.com/dpollett/repository.xtreme/master/zips/</datadir>
	</extension>
	<extension point="xbmc.addon.metadata">
		<summary lang="en">Quick one liner about the repository</summary>
		<description lang="en">Full repository description.</description>
		<genre>documentary,movies,sports,tvshows,uk,usa</genre>
	</extension>
</addon>