<?xml version="1.0" encoding="UTF-8" standalone="yes"?>
<addon id="plugin.video.xtremevideos" name="Xtreme Videos" version="1.0.0" provider-name="ad">
	<requires>
		<import addon="xbmc.python" version="2.19.0" />
		<import addon="script.module.nanscrapers" version="0.5.5" />
        <import addon="script.module.python.koding.aio" version="0.0.1"/>
	</requires>
	<extension point="xbmc.python.pluginsource" library="default.py">
		<provides>video</provides>
	</extension>
	<extension point="xbmc.addon.metadata">
		<summary lang="en">Xtreme Videos</summary>
		<description lang="en">Xtreme outdoor and sports videos. The developer does not own any of the content within this addon. The developer is in no way, shape, or form affiliated or associated with XBMC or Kodi.</description>
		<platform>all</platform>
		<forum>http://www.noobsandnerds.com/support</forum>
		<website>www.noobsandnerds.com</website>
		<news></news>
		<genre>movies,usa</genre>
		<video_guide></video_guide>
		<video_preview></video_preview>
	</extension>
</addon>
